{"sane": true, "normalizes": true, "range": true, "log_prob": -891.1392205537995, "avg_log_prob": -1.7822784411075991, "perplexity": 5.9433826507275365}